,benchmark,core_type,federate_count,elapsed_time,spf,spf_ratio,elapsed_time_ratio,message_count,message_size,spms,spms_ratio,spmc,spmc_ratio,spe,spe_ratio,cpf,cpf_ratio,cpe,cpe_ratio
0,EchoLeafFederate,tcp,1.0,0.965743279,0.965743279,1.0,1.0,,,,,,,,,,,,
1,EchoLeafFederate,tcpss,1.0,400.04888167900003,400.04888167900003,414.23936399872167,414.23936399872167,,,,,,,,,,,,
2,EchoLeafFederate,udp,1.0,0.993007349,0.993007349,1.0282311775736417,1.0282311775736417,,,,,,,,,,,,
3,EchoLeafFederate,zmq,1.0,3.392061126,3.392061126,3.512383880644123,3.512383880644123,,,,,,,,,,,,
4,EchoLeafFederate,zmqss,1.0,1.382245794,1.382245794,1.4312766384781643,1.4312766384781643,,,,,,,,,,,,
5,EchoLeafFederate,tcp,2.0,95.61249757600001,47.806248788000005,1.0,1.0,,,,,,,,,,,,
6,EchoLeafFederate,tcpss,2.0,210.74173136099998,105.37086568049999,2.2041232757620057,2.2041232757620057,,,,,,,,,,,,
7,EchoLeafFederate,udp,2.0,1.069108411,0.5345542055,0.01118168061816597,0.01118168061816597,,,,,,,,,,,,
8,EchoLeafFederate,zmq,2.0,0.9311789779999999,0.46558948899999997,0.009739092708668433,0.009739092708668433,,,,,,,,,,,,
9,EchoLeafFederate,zmqss,2.0,0.897371409,0.4486857045,0.009385503273635349,0.009385503273635349,,,,,,,,,,,,
10,EchoLeafFederate,tcp,4.0,1.9456919019999999,0.48642297549999997,1.0,1.0,,,,,,,,,,,,
11,EchoLeafFederate,tcpss,4.0,234.711037795,58.67775944875,120.63114286169241,120.63114286169241,,,,,,,,,,,,
12,EchoLeafFederate,udp,4.0,1.9555115369999998,0.48887788424999995,1.0050468601888645,1.0050468601888645,,,,,,,,,,,,
13,EchoLeafFederate,zmq,4.0,1.260646209,0.31516155225,0.6479166653796352,0.6479166653796352,,,,,,,,,,,,
14,EchoLeafFederate,zmqss,4.0,1.256321773,0.31408044325,0.6456940956112384,0.6456940956112384,,,,,,,,,,,,
15,EchoLeafFederate,tcp,8.0,12.237496327999999,1.5296870409999999,1.0,1.0,,,,,,,,,,,,
16,EchoLeafFederate,tcpss,8.0,282.934764525,35.366845565625,23.120314559574673,23.120314559574673,,,,,,,,,,,,
17,EchoLeafFederate,udp,8.0,4.0825480920000015,0.5103185115000002,0.3336097501135856,0.3336097501135856,,,,,,,,,,,,
18,EchoLeafFederate,zmq,8.0,2.2852931969999997,0.28566164962499996,0.18674515895634106,0.18674515895634106,,,,,,,,,,,,
19,EchoLeafFederate,zmqss,8.0,2.226811188,0.2783513985,0.18196623952441526,0.18196623952441526,,,,,,,,,,,,
20,EchoMessageLeafFederate,tcp,1.0,0.962318448,0.962318448,1.0,1.0,,,,,,,,,,,,
21,EchoMessageLeafFederate,tcpss,1.0,318.239166332,318.239166332,330.70047341750643,330.70047341750643,,,,,,,,,,,,
22,EchoMessageLeafFederate,udp,1.0,1.137440087,1.137440087,1.1819788858500613,1.1819788858500613,,,,,,,,,,,,
23,EchoMessageLeafFederate,zmq,1.0,1.162801447,1.162801447,1.2083333219026058,1.2083333219026058,,,,,,,,,,,,
24,EchoMessageLeafFederate,zmqss,1.0,1.219220738,1.219220738,1.2669618259256317,1.2669618259256317,,,,,,,,,,,,
25,EchoMessageLeafFederate,tcp,2.0,0.929712478,0.464856239,1.0,1.0,,,,,,,,,,,,
26,EchoMessageLeafFederate,tcpss,2.0,215.664032447,107.8320162235,231.96852527023952,231.96852527023952,,,,,,,,,,,,
27,EchoMessageLeafFederate,udp,2.0,1.016569932,0.508284966,1.0934239951117446,1.0934239951117446,,,,,,,,,,,,
28,EchoMessageLeafFederate,zmq,2.0,0.969959149,0.4849795745,1.0432893738143418,1.0432893738143418,,,,,,,,,,,,
29,EchoMessageLeafFederate,zmqss,2.0,0.8772111680000001,0.43860558400000005,0.9435295198866849,0.9435295198866849,,,,,,,,,,,,
30,EchoMessageLeafFederate,tcp,4.0,1.24089307,0.3102232675,1.0,1.0,,,,,,,,,,,,
31,EchoMessageLeafFederate,tcpss,4.0,239.42228549,59.8555713725,192.9435269470882,192.9435269470882,,,,,,,,,,,,
32,EchoMessageLeafFederate,udp,4.0,1.998556047,0.49963901175,1.6105787801683829,1.6105787801683829,,,,,,,,,,,,
33,EchoMessageLeafFederate,zmq,4.0,1.250406104,0.312601526,1.0076662802218728,1.0076662802218728,,,,,,,,,,,,
34,EchoMessageLeafFederate,zmqss,4.0,1.389841525,0.34746038125,1.1200332716823054,1.1200332716823054,,,,,,,,,,,,
35,EchoMessageLeafFederate,tcp,8.0,2.4697371059999997,0.30871713824999997,1.0,1.0,,,,,,,,,,,,
36,EchoMessageLeafFederate,tcpss,8.0,248.63146079700002,31.078932599625002,100.67122536766067,100.67122536766067,,,,,,,,,,,,
37,EchoMessageLeafFederate,udp,8.0,4.397916878,0.54973960975,1.7807226798818645,1.7807226798818645,,,,,,,,,,,,
38,EchoMessageLeafFederate,zmq,8.0,2.292389189,0.286548648625,0.9281915809706429,0.9281915809706429,,,,,,,,,,,,
39,EchoMessageLeafFederate,zmqss,8.0,2.189892779,0.273736597375,0.886690641558511,0.886690641558511,,,,,,,,,,,,
40,MessageExchangeFederate,tcp,,0.0027105220000000004,,,1.0,1.0,1.0,0.0027105220000000004,1.0,,,,,,,,
41,MessageExchangeFederate,tcpss,,0.243358342,,,89.78283223674258,1.0,1.0,0.243358342,89.78283223674258,,,,,,,,
42,MessageExchangeFederate,udp,,0.002427725,,,0.8956669600910819,1.0,1.0,0.002427725,0.8956669600910819,,,,,,,,
43,MessageExchangeFederate,zmq,,0.004399097,,,1.6229704093897779,1.0,1.0,0.004399097,1.6229704093897779,,,,,,,,
44,MessageExchangeFederate,zmqss,,0.002919437,,,1.077075559615454,1.0,1.0,0.002919437,1.077075559615454,,,,,,,,
45,MessageExchangeFederate,tcp,,0.003924688,,,1.0,4.0,1.0,0.003924688,1.0,,,,,,,,
46,MessageExchangeFederate,tcpss,,0.285846942,,,72.83303589992376,4.0,1.0,0.285846942,72.83303589992376,,,,,,,,
47,MessageExchangeFederate,udp,,0.0031637320000000003,,,0.8061104475056362,4.0,1.0,0.0031637320000000003,0.8061104475056362,,,,,,,,
48,MessageExchangeFederate,zmq,,0.006901633000000001,,,1.7585176197445507,4.0,1.0,0.006901633000000001,1.7585176197445507,,,,,,,,
49,MessageExchangeFederate,zmqss,,0.00458774,,,1.1689438752838441,4.0,1.0,0.00458774,1.1689438752838441,,,,,,,,
50,MessageExchangeFederate,tcp,,0.003660302,,,1.0,16.0,1.0,0.003660302,1.0,,,,,,,,
51,MessageExchangeFederate,tcpss,,0.248112251,,,67.78463935489476,16.0,1.0,0.248112251,67.78463935489476,,,,,,,,
52,MessageExchangeFederate,udp,,0.0077062990000000015,,,2.1053724528741076,16.0,1.0,0.0077062990000000015,2.1053724528741076,,,,,,,,
53,MessageExchangeFederate,zmq,,0.005137928,,,1.4036896409094113,16.0,1.0,0.005137928,1.4036896409094113,,,,,,,,
54,MessageExchangeFederate,zmqss,,0.004431897000000001,,,1.2108009120558907,16.0,1.0,0.004431897000000001,1.2108009120558907,,,,,,,,
55,MessageExchangeFederate,tcp,,0.24397394000000006,,,1.0,64.0,1.0,0.24397394000000006,1.0,,,,,,,,
56,MessageExchangeFederate,tcpss,,0.410464256,,,1.6824102443072402,64.0,1.0,0.410464256,1.6824102443072402,,,,,,,,
57,MessageExchangeFederate,udp,,0.028687844,,,0.11758568968472614,64.0,1.0,0.028687844,0.11758568968472614,,,,,,,,
58,MessageExchangeFederate,zmq,,0.011617782,,,0.04761894651535323,64.0,1.0,0.011617782,0.04761894651535323,,,,,,,,
59,MessageExchangeFederate,zmqss,,0.015233383999999999,,,0.062438570283367134,64.0,1.0,0.015233383999999999,0.062438570283367134,,,,,,,,
60,MessageExchangeFederate,tcp,,0.0021323690000000003,,,1.0,1.0,16.0,0.00013327306250000002,1.0,,,,,,,,
61,MessageExchangeFederate,tcpss,,0.243777428,,,114.32234664825833,1.0,16.0,0.01523608925,114.32234664825833,,,,,,,,
62,MessageExchangeFederate,udp,,0.002317026,,,1.0865971133513943,1.0,16.0,0.000144814125,1.0865971133513943,,,,,,,,
63,MessageExchangeFederate,zmq,,0.0034745310000000003,,,1.6294229563457356,1.0,16.0,0.00021715818750000002,1.6294229563457356,,,,,,,,
64,MessageExchangeFederate,zmqss,,0.0035046609999999996,,,1.6435527809680215,1.0,16.0,0.00021904131249999998,1.6435527809680215,,,,,,,,
65,MessageExchangeFederate,tcp,,0.002822765,,,1.0,4.0,16.0,0.0001764228125,1.0,,,,,,,,
66,MessageExchangeFederate,tcpss,,0.24431273399999998,,,86.55085846678699,4.0,16.0,0.015269545874999998,86.55085846678699,,,,,,,,
67,MessageExchangeFederate,udp,,0.0033165430000000004,,,1.1749270661921911,4.0,16.0,0.00020728393750000002,1.1749270661921911,,,,,,,,
68,MessageExchangeFederate,zmq,,0.0033473459999999997,,,1.1858394163169799,4.0,16.0,0.00020920912499999998,1.1858394163169799,,,,,,,,
69,MessageExchangeFederate,zmqss,,0.003791648,,,1.3432389873050006,4.0,16.0,0.000236978,1.3432389873050006,,,,,,,,
70,MessageExchangeFederate,tcp,,0.004627348,,,1.0,16.0,16.0,0.00028920925,1.0,,,,,,,,
71,MessageExchangeFederate,tcpss,,0.207640376,,,44.87243578827441,16.0,16.0,0.0129775235,44.87243578827441,,,,,,,,
72,MessageExchangeFederate,udp,,0.008449328,,,1.8259547369249083,16.0,16.0,0.000528083,1.8259547369249083,,,,,,,,
73,MessageExchangeFederate,zmq,,0.004954030999999999,,,1.07059832111179,16.0,16.0,0.00030962693749999996,1.07059832111179,,,,,,,,
74,MessageExchangeFederate,zmqss,,0.004900069,,,1.0589367819321132,16.0,16.0,0.0003062543125,1.0589367819321132,,,,,,,,
75,MessageExchangeFederate,tcp,,0.05053632,,,1.0,64.0,16.0,0.00315852,1.0,,,,,,,,
76,MessageExchangeFederate,tcpss,,0.411309224,,,8.138883559388573,64.0,16.0,0.0257068265,8.138883559388573,,,,,,,,
77,MessageExchangeFederate,udp,,0.026225947000000003,,,0.5189524484568723,64.0,16.0,0.0016391216875000002,0.5189524484568723,,,,,,,,
78,MessageExchangeFederate,zmq,,0.01446621,,,0.2862537280118536,64.0,16.0,0.000904138125,0.2862537280118536,,,,,,,,
79,MessageExchangeFederate,zmqss,,0.011023877,,,0.21813770769221025,64.0,16.0,0.0006889923125,0.21813770769221025,,,,,,,,
80,MessageExchangeFederate,tcp,,0.0028265890000000004,,,1.0,1.0,64.0,4.416545312500001e-05,1.0,,,,,,,,
81,MessageExchangeFederate,tcpss,,0.242928128,,,85.94391614769603,1.0,64.0,0.003795752,85.94391614769603,,,,,,,,
82,MessageExchangeFederate,udp,,0.002550928,,,0.9024757401942765,1.0,64.0,3.985825e-05,0.9024757401942765,,,,,,,,
83,MessageExchangeFederate,zmq,,0.006144885,,,2.1739577278479465,1.0,64.0,9.6013828125e-05,2.1739577278479465,,,,,,,,
84,MessageExchangeFederate,zmqss,,0.003127435,,,1.1064342923573252,1.0,64.0,4.8866171875e-05,1.1064342923573252,,,,,,,,
85,MessageExchangeFederate,tcp,,0.0027404910000000003,,,1.0,4.0,64.0,4.2820171875000004e-05,1.0,,,,,,,,
86,MessageExchangeFederate,tcpss,,0.24556121900000005,,,89.60482592352977,4.0,64.0,0.003836894046875001,89.60482592352977,,,,,,,,
87,MessageExchangeFederate,udp,,0.003109711,,,1.1347276820102674,4.0,64.0,4.8589234375e-05,1.1347276820102674,,,,,,,,
88,MessageExchangeFederate,zmq,,0.006146566,,,2.2428703469560745,4.0,64.0,9.604009375e-05,2.2428703469560745,,,,,,,,
89,MessageExchangeFederate,zmqss,,0.0035854640000000004,,,1.3083290549029354,4.0,64.0,5.602287500000001e-05,1.3083290549029354,,,,,,,,
90,MessageExchangeFederate,tcp,,0.044498317999999995,,,1.0,16.0,64.0,0.0006952862187499999,1.0,,,,,,,,
91,MessageExchangeFederate,tcpss,,0.24797632100000006,,,5.5727122315050215,16.0,64.0,0.003874630015625001,5.5727122315050215,,,,,,,,
92,MessageExchangeFederate,udp,,0.008067553,,,0.1813001785820309,16.0,64.0,0.000126055515625,0.1813001785820309,,,,,,,,
93,MessageExchangeFederate,zmq,,0.00548352,,,0.12322982634984093,16.0,64.0,8.568e-05,0.12322982634984093,,,,,,,,
94,MessageExchangeFederate,zmqss,,0.004798748,,,0.1078411098594783,16.0,64.0,7.49804375e-05,0.1078411098594783,,,,,,,,
95,MessageExchangeFederate,tcp,,0.364411271,,,1.0,64.0,64.0,0.005693926109375,1.0,,,,,,,,
96,MessageExchangeFederate,tcpss,,0.5616918479999999,,,1.541367934253603,64.0,64.0,0.008776435124999999,1.541367934253603,,,,,,,,
97,MessageExchangeFederate,udp,,0.02630962,,,0.07219760225253845,64.0,64.0,0.0004110878125,0.07219760225253845,,,,,,,,
98,MessageExchangeFederate,zmq,,0.011570576,,,0.031751421870812556,64.0,64.0,0.00018079025,0.031751421870812556,,,,,,,,
99,MessageExchangeFederate,zmqss,,0.013246406,,,0.036350154493437724,64.0,64.0,0.00020697509375,0.036350154493437724,,,,,,,,
100,MessageExchangeFederate,tcp,,0.0027931120000000004,,,1.0,1.0,256.0,1.0910593750000001e-05,1.0,,,,,,,,
101,MessageExchangeFederate,tcpss,,0.244633102,,,87.58442267979227,1.0,256.0,0.0009555980546875,87.58442267979227,,,,,,,,
102,MessageExchangeFederate,udp,,0.00230947,,,0.8268447523765605,1.0,256.0,9.0213671875e-06,0.8268447523765605,,,,,,,,
103,MessageExchangeFederate,zmq,,0.004760236,,,1.7042768066586658,1.0,256.0,1.8594671875e-05,1.7042768066586658,,,,,,,,
104,MessageExchangeFederate,zmqss,,0.004459973,,,1.5967755678970263,1.0,256.0,1.742176953125e-05,1.5967755678970263,,,,,,,,
105,MessageExchangeFederate,tcp,,0.002392375,,,1.0,4.0,256.0,9.34521484375e-06,1.0,,,,,,,,
106,MessageExchangeFederate,tcpss,,0.16645868600000002,,,69.57884361774389,4.0,256.0,0.0006502292421875001,69.57884361774389,,,,,,,,
107,MessageExchangeFederate,udp,,0.0032056579999999997,,,1.3399479596635142,4.0,256.0,1.2522101562499999e-05,1.3399479596635142,,,,,,,,
108,MessageExchangeFederate,zmq,,0.00660392,,,2.760403364857098,4.0,256.0,2.57965625e-05,2.760403364857098,,,,,,,,
109,MessageExchangeFederate,zmqss,,0.003884595,,,1.6237400073149066,4.0,256.0,1.517419921875e-05,1.6237400073149066,,,,,,,,
110,MessageExchangeFederate,tcp,,0.24258844,,,1.0,16.0,256.0,0.00094761109375,1.0,,,,,,,,
111,MessageExchangeFederate,tcpss,,0.208398253,,,0.8590609387652602,16.0,256.0,0.00081405567578125,0.8590609387652602,,,,,,,,
112,MessageExchangeFederate,udp,,0.008359517,,,0.034459667575256266,16.0,256.0,3.265436328125e-05,0.034459667575256266,,,,,,,,
113,MessageExchangeFederate,zmq,,0.005843481,,,0.02408804393152452,16.0,256.0,2.282609765625e-05,0.02408804393152452,,,,,,,,
114,MessageExchangeFederate,zmqss,,0.0058882990000000005,,,0.024272793048176578,16.0,256.0,2.3001167968750002e-05,0.024272793048176578,,,,,,,,
115,MessageExchangeFederate,tcp,,0.4440331320000001,,,1.0,64.0,256.0,0.0017345044218750004,1.0,,,,,,,,
116,MessageExchangeFederate,tcpss,,0.5262465310000001,,,1.1851514967581291,64.0,256.0,0.0020556505117187503,1.1851514967581291,,,,,,,,
117,MessageExchangeFederate,udp,,0.026456688000000003,,,0.05958268897826299,64.0,256.0,0.00010334643750000001,0.05958268897826299,,,,,,,,
118,MessageExchangeFederate,zmq,,0.013053519,,,0.029397623869202617,64.0,256.0,5.099030859375e-05,0.029397623869202617,,,,,,,,
119,MessageExchangeFederate,zmqss,,0.013441914,,,0.030272322111314875,64.0,256.0,5.25074765625e-05,0.030272322111314875,,,,,,,,
120,MessageExchangeFederate,tcp,,0.08278666300000001,,,1.0,1.0,1024.0,8.084635058593751e-05,1.0,,,,,,,,
121,MessageExchangeFederate,tcpss,,0.204396772,,,2.468957735378221,1.0,1024.0,0.00019960622265625,2.468957735378221,,,,,,,,
122,MessageExchangeFederate,udp,,0.0026862170000000003,,,0.03244746077034172,1.0,1024.0,2.6232587890625003e-06,0.03244746077034172,,,,,,,,
123,MessageExchangeFederate,zmq,,0.00296134,,,0.03577073761265144,1.0,1024.0,2.89193359375e-06,0.03577073761265144,,,,,,,,
124,MessageExchangeFederate,zmqss,,0.0027247070000000003,,,0.0329123907313428,1.0,1024.0,2.6608466796875003e-06,0.0329123907313428,,,,,,,,
125,MessageExchangeFederate,tcp,,0.04192118,,,1.0,4.0,1024.0,4.093865234375e-05,1.0,,,,,,,,
126,MessageExchangeFederate,tcpss,,0.244442971,,,5.831013606964308,4.0,1024.0,0.0002387138388671875,5.831013606964308,,,,,,,,
127,MessageExchangeFederate,udp,,0.003616286,,,0.08626393627278621,4.0,1024.0,3.531529296875e-06,0.08626393627278621,,,,,,,,
128,MessageExchangeFederate,zmq,,0.004317449,,,0.10298968206524721,4.0,1024.0,4.2162587890625e-06,0.10298968206524721,,,,,,,,
129,MessageExchangeFederate,zmqss,,0.003647623,,,0.08701145816983205,4.0,1024.0,3.5621318359375e-06,0.08701145816983205,,,,,,,,
130,MessageExchangeFederate,tcp,,0.32252490100000003,,,1.0,16.0,1024.0,0.00031496572363281253,1.0,,,,,,,,
131,MessageExchangeFederate,tcpss,,0.32438875699999997,,,1.0057789522428222,16.0,1024.0,0.00031678589550781247,1.0057789522428222,,,,,,,,
132,MessageExchangeFederate,udp,,0.008718194,,,0.02703107255585205,16.0,1024.0,8.513861328125e-06,0.02703107255585205,,,,,,,,
133,MessageExchangeFederate,zmq,,0.0067797460000000006,,,0.021020845147085247,16.0,1024.0,6.6208457031250005e-06,0.021020845147085247,,,,,,,,
134,MessageExchangeFederate,zmqss,,0.005682380000000001,,,0.0176184225849898,16.0,1024.0,5.549199218750001e-06,0.0176184225849898,,,,,,,,
135,MessageExchangeFederate,tcp,,0.13068232000000002,,,1.0,64.0,1024.0,0.00012761945312500002,1.0,,,,,,,,
136,MessageExchangeFederate,tcpss,,0.410023836,,,3.137561653328468,64.0,1024.0,0.00040041390234375,3.137561653328468,,,,,,,,
137,MessageExchangeFederate,zmq,,0.015168969,,,0.11607514314101554,64.0,1024.0,1.48134462890625e-05,0.11607514314101554,,,,,,,,
138,MessageExchangeFederate,zmqss,,0.017588948,,,0.13459317220569697,64.0,1024.0,1.717670703125e-05,0.13459317220569697,,,,,,,,
139,MessageExchangeFederate,tcp,,0.201536524,,,1.0,1.0,2048.0,9.8406505859375e-05,1.0,,,,,,,,
140,MessageExchangeFederate,tcpss,,0.245603973,,,1.2186573834130434,1.0,2048.0,0.00011992381494140625,1.2186573834130434,,,,,,,,
141,MessageExchangeFederate,udp,,0.00251345,,,0.012471436691048617,1.0,2048.0,1.2272705078125e-06,0.012471436691048617,,,,,,,,
142,MessageExchangeFederate,zmq,,0.003351549,,,0.01662998315878466,1.0,2048.0,1.63649853515625e-06,0.01662998315878466,,,,,,,,
143,MessageExchangeFederate,zmqss,,0.002504786,,,0.012428446964779447,1.0,2048.0,1.2230400390625e-06,0.012428446964779447,,,,,,,,
144,MessageExchangeFederate,tcp,,0.28230813400000004,,,1.0,4.0,2048.0,0.00013784576855468752,1.0,,,,,,,,
145,MessageExchangeFederate,tcpss,,0.24947700900000006,,,0.883704643805977,4.0,2048.0,0.00012181494580078128,0.883704643805977,,,,,,,,
146,MessageExchangeFederate,udp,,0.003331867,,,0.0118022352129606,4.0,2048.0,1.62688818359375e-06,0.0118022352129606,,,,,,,,
147,MessageExchangeFederate,zmq,,0.00637755,,,0.022590741221788526,4.0,2048.0,3.1140380859375e-06,0.022590741221788526,,,,,,,,
148,MessageExchangeFederate,zmqss,,0.0042328800000000005,,,0.014993829402024952,4.0,2048.0,2.0668359375000002e-06,0.014993829402024952,,,,,,,,
149,MessageExchangeFederate,tcp,,0.3624213140000001,,,1.0,16.0,2048.0,0.00017696353222656255,1.0,,,,,,,,
150,MessageExchangeFederate,tcpss,,0.246856118,,,0.6811302439017147,16.0,2048.0,0.0001205352138671875,0.6811302439017147,,,,,,,,
151,MessageExchangeFederate,udp,,0.008725488,,,0.024075537676572733,16.0,2048.0,4.2604921875e-06,0.024075537676572733,,,,,,,,
152,MessageExchangeFederate,zmq,,0.006318133,,,0.017433116530227024,16.0,2048.0,3.08502587890625e-06,0.017433116530227024,,,,,,,,
153,MessageExchangeFederate,zmqss,,0.006846631999999999,,,0.018891361339747247,16.0,2048.0,3.3430820312499996e-06,0.018891361339747247,,,,,,,,
154,MessageExchangeFederate,tcp,,0.097796714,,,1.0,64.0,2048.0,4.77523017578125e-05,1.0,,,,,,,,
155,MessageExchangeFederate,tcpss,,0.33507874400000004,,,3.426278146727916,64.0,2048.0,0.00016361266796875002,3.426278146727916,,,,,,,,
156,MessageExchangeFederate,udp,,0.028230698999999998,,,0.2886671529679412,64.0,2048.0,1.3784520996093749e-05,0.2886671529679412,,,,,,,,
157,MessageExchangeFederate,zmq,,0.016840758,,,0.17220167540598552,64.0,2048.0,8.2230263671875e-06,0.17220167540598552,,,,,,,,
158,MessageExchangeFederate,zmqss,,0.017141576999999998,,,0.17527763765150634,64.0,2048.0,8.369910644531249e-06,0.17527763765150634,,,,,,,,
159,MessageExchangeFederate,tcp,,0.0027105220000000004,,,1.0,1.0,1.0,,,0.0027105220000000004,1.0,,,,,,
160,MessageExchangeFederate,tcpss,,0.243358342,,,89.78283223674258,1.0,1.0,,,0.243358342,89.78283223674258,,,,,,
161,MessageExchangeFederate,udp,,0.002427725,,,0.8956669600910819,1.0,1.0,,,0.002427725,0.8956669600910819,,,,,,
162,MessageExchangeFederate,zmq,,0.004399097,,,1.6229704093897779,1.0,1.0,,,0.004399097,1.6229704093897779,,,,,,
163,MessageExchangeFederate,zmqss,,0.002919437,,,1.077075559615454,1.0,1.0,,,0.002919437,1.077075559615454,,,,,,
164,MessageExchangeFederate,tcp,,0.003924688,,,1.0,4.0,1.0,,,0.000981172,1.0,,,,,,
165,MessageExchangeFederate,tcpss,,0.285846942,,,72.83303589992376,4.0,1.0,,,0.0714617355,72.83303589992376,,,,,,
166,MessageExchangeFederate,udp,,0.0031637320000000003,,,0.8061104475056362,4.0,1.0,,,0.0007909330000000001,0.8061104475056362,,,,,,
167,MessageExchangeFederate,zmq,,0.006901633000000001,,,1.7585176197445507,4.0,1.0,,,0.0017254082500000002,1.7585176197445507,,,,,,
168,MessageExchangeFederate,zmqss,,0.00458774,,,1.1689438752838441,4.0,1.0,,,0.001146935,1.1689438752838441,,,,,,
169,MessageExchangeFederate,tcp,,0.003660302,,,1.0,16.0,1.0,,,0.000228768875,1.0,,,,,,
170,MessageExchangeFederate,tcpss,,0.248112251,,,67.78463935489476,16.0,1.0,,,0.0155070156875,67.78463935489476,,,,,,
171,MessageExchangeFederate,udp,,0.0077062990000000015,,,2.1053724528741076,16.0,1.0,,,0.0004816436875000001,2.1053724528741076,,,,,,
172,MessageExchangeFederate,zmq,,0.005137928,,,1.4036896409094113,16.0,1.0,,,0.0003211205,1.4036896409094113,,,,,,
173,MessageExchangeFederate,zmqss,,0.004431897000000001,,,1.2108009120558907,16.0,1.0,,,0.00027699356250000004,1.2108009120558907,,,,,,
174,MessageExchangeFederate,tcp,,0.24397394000000006,,,1.0,64.0,1.0,,,0.003812092812500001,1.0,,,,,,
175,MessageExchangeFederate,tcpss,,0.410464256,,,1.6824102443072402,64.0,1.0,,,0.006413504,1.6824102443072402,,,,,,
176,MessageExchangeFederate,udp,,0.028687844,,,0.11758568968472614,64.0,1.0,,,0.0004482475625,0.11758568968472614,,,,,,
177,MessageExchangeFederate,zmq,,0.011617782,,,0.04761894651535323,64.0,1.0,,,0.00018152784375,0.04761894651535323,,,,,,
178,MessageExchangeFederate,zmqss,,0.015233383999999999,,,0.062438570283367134,64.0,1.0,,,0.00023802162499999999,0.062438570283367134,,,,,,
179,MessageExchangeFederate,tcp,,0.0021323690000000003,,,1.0,1.0,16.0,,,0.0021323690000000003,1.0,,,,,,
180,MessageExchangeFederate,tcpss,,0.243777428,,,114.32234664825833,1.0,16.0,,,0.243777428,114.32234664825833,,,,,,
181,MessageExchangeFederate,udp,,0.002317026,,,1.0865971133513943,1.0,16.0,,,0.002317026,1.0865971133513943,,,,,,
182,MessageExchangeFederate,zmq,,0.0034745310000000003,,,1.6294229563457356,1.0,16.0,,,0.0034745310000000003,1.6294229563457356,,,,,,
183,MessageExchangeFederate,zmqss,,0.0035046609999999996,,,1.6435527809680215,1.0,16.0,,,0.0035046609999999996,1.6435527809680215,,,,,,
184,MessageExchangeFederate,tcp,,0.002822765,,,1.0,4.0,16.0,,,0.00070569125,1.0,,,,,,
185,MessageExchangeFederate,tcpss,,0.24431273399999998,,,86.55085846678699,4.0,16.0,,,0.061078183499999994,86.55085846678699,,,,,,
186,MessageExchangeFederate,udp,,0.0033165430000000004,,,1.1749270661921911,4.0,16.0,,,0.0008291357500000001,1.1749270661921911,,,,,,
187,MessageExchangeFederate,zmq,,0.0033473459999999997,,,1.1858394163169799,4.0,16.0,,,0.0008368364999999999,1.1858394163169799,,,,,,
188,MessageExchangeFederate,zmqss,,0.003791648,,,1.3432389873050006,4.0,16.0,,,0.000947912,1.3432389873050006,,,,,,
189,MessageExchangeFederate,tcp,,0.004627348,,,1.0,16.0,16.0,,,0.00028920925,1.0,,,,,,
190,MessageExchangeFederate,tcpss,,0.207640376,,,44.87243578827441,16.0,16.0,,,0.0129775235,44.87243578827441,,,,,,
191,MessageExchangeFederate,udp,,0.008449328,,,1.8259547369249083,16.0,16.0,,,0.000528083,1.8259547369249083,,,,,,
192,MessageExchangeFederate,zmq,,0.004954030999999999,,,1.07059832111179,16.0,16.0,,,0.00030962693749999996,1.07059832111179,,,,,,
193,MessageExchangeFederate,zmqss,,0.004900069,,,1.0589367819321132,16.0,16.0,,,0.0003062543125,1.0589367819321132,,,,,,
194,MessageExchangeFederate,tcp,,0.05053632,,,1.0,64.0,16.0,,,0.00078963,1.0,,,,,,
195,MessageExchangeFederate,tcpss,,0.411309224,,,8.138883559388573,64.0,16.0,,,0.006426706625,8.138883559388573,,,,,,
196,MessageExchangeFederate,udp,,0.026225947000000003,,,0.5189524484568723,64.0,16.0,,,0.00040978042187500005,0.5189524484568723,,,,,,
197,MessageExchangeFederate,zmq,,0.01446621,,,0.2862537280118536,64.0,16.0,,,0.00022603453125,0.2862537280118536,,,,,,
198,MessageExchangeFederate,zmqss,,0.011023877,,,0.21813770769221025,64.0,16.0,,,0.000172248078125,0.21813770769221025,,,,,,
199,MessageExchangeFederate,tcp,,0.0028265890000000004,,,1.0,1.0,64.0,,,0.0028265890000000004,1.0,,,,,,
200,MessageExchangeFederate,tcpss,,0.242928128,,,85.94391614769603,1.0,64.0,,,0.242928128,85.94391614769603,,,,,,
201,MessageExchangeFederate,udp,,0.002550928,,,0.9024757401942765,1.0,64.0,,,0.002550928,0.9024757401942765,,,,,,
202,MessageExchangeFederate,zmq,,0.006144885,,,2.1739577278479465,1.0,64.0,,,0.006144885,2.1739577278479465,,,,,,
203,MessageExchangeFederate,zmqss,,0.003127435,,,1.1064342923573252,1.0,64.0,,,0.003127435,1.1064342923573252,,,,,,
204,MessageExchangeFederate,tcp,,0.0027404910000000003,,,1.0,4.0,64.0,,,0.0006851227500000001,1.0,,,,,,
205,MessageExchangeFederate,tcpss,,0.24556121900000005,,,89.60482592352977,4.0,64.0,,,0.06139030475000001,89.60482592352977,,,,,,
206,MessageExchangeFederate,udp,,0.003109711,,,1.1347276820102674,4.0,64.0,,,0.00077742775,1.1347276820102674,,,,,,
207,MessageExchangeFederate,zmq,,0.006146566,,,2.2428703469560745,4.0,64.0,,,0.0015366415,2.2428703469560745,,,,,,
208,MessageExchangeFederate,zmqss,,0.0035854640000000004,,,1.3083290549029354,4.0,64.0,,,0.0008963660000000001,1.3083290549029354,,,,,,
209,MessageExchangeFederate,tcp,,0.044498317999999995,,,1.0,16.0,64.0,,,0.0027811448749999997,1.0,,,,,,
210,MessageExchangeFederate,tcpss,,0.24797632100000006,,,5.5727122315050215,16.0,64.0,,,0.015498520062500003,5.5727122315050215,,,,,,
211,MessageExchangeFederate,udp,,0.008067553,,,0.1813001785820309,16.0,64.0,,,0.0005042220625,0.1813001785820309,,,,,,
212,MessageExchangeFederate,zmq,,0.00548352,,,0.12322982634984093,16.0,64.0,,,0.00034272,0.12322982634984093,,,,,,
213,MessageExchangeFederate,zmqss,,0.004798748,,,0.1078411098594783,16.0,64.0,,,0.00029992175,0.1078411098594783,,,,,,
214,MessageExchangeFederate,tcp,,0.364411271,,,1.0,64.0,64.0,,,0.005693926109375,1.0,,,,,,
215,MessageExchangeFederate,tcpss,,0.5616918479999999,,,1.541367934253603,64.0,64.0,,,0.008776435124999999,1.541367934253603,,,,,,
216,MessageExchangeFederate,udp,,0.02630962,,,0.07219760225253845,64.0,64.0,,,0.0004110878125,0.07219760225253845,,,,,,
217,MessageExchangeFederate,zmq,,0.011570576,,,0.031751421870812556,64.0,64.0,,,0.00018079025,0.031751421870812556,,,,,,
218,MessageExchangeFederate,zmqss,,0.013246406,,,0.036350154493437724,64.0,64.0,,,0.00020697509375,0.036350154493437724,,,,,,
219,MessageExchangeFederate,tcp,,0.0027931120000000004,,,1.0,1.0,256.0,,,0.0027931120000000004,1.0,,,,,,
220,MessageExchangeFederate,tcpss,,0.244633102,,,87.58442267979227,1.0,256.0,,,0.244633102,87.58442267979227,,,,,,
221,MessageExchangeFederate,udp,,0.00230947,,,0.8268447523765605,1.0,256.0,,,0.00230947,0.8268447523765605,,,,,,
222,MessageExchangeFederate,zmq,,0.004760236,,,1.7042768066586658,1.0,256.0,,,0.004760236,1.7042768066586658,,,,,,
223,MessageExchangeFederate,zmqss,,0.004459973,,,1.5967755678970263,1.0,256.0,,,0.004459973,1.5967755678970263,,,,,,
224,MessageExchangeFederate,tcp,,0.002392375,,,1.0,4.0,256.0,,,0.00059809375,1.0,,,,,,
225,MessageExchangeFederate,tcpss,,0.16645868600000002,,,69.57884361774389,4.0,256.0,,,0.041614671500000006,69.57884361774389,,,,,,
226,MessageExchangeFederate,udp,,0.0032056579999999997,,,1.3399479596635142,4.0,256.0,,,0.0008014144999999999,1.3399479596635142,,,,,,
227,MessageExchangeFederate,zmq,,0.00660392,,,2.760403364857098,4.0,256.0,,,0.00165098,2.760403364857098,,,,,,
228,MessageExchangeFederate,zmqss,,0.003884595,,,1.6237400073149066,4.0,256.0,,,0.00097114875,1.6237400073149066,,,,,,
229,MessageExchangeFederate,tcp,,0.24258844,,,1.0,16.0,256.0,,,0.0151617775,1.0,,,,,,
230,MessageExchangeFederate,tcpss,,0.208398253,,,0.8590609387652602,16.0,256.0,,,0.0130248908125,0.8590609387652602,,,,,,
231,MessageExchangeFederate,udp,,0.008359517,,,0.034459667575256266,16.0,256.0,,,0.0005224698125,0.034459667575256266,,,,,,
232,MessageExchangeFederate,zmq,,0.005843481,,,0.02408804393152452,16.0,256.0,,,0.0003652175625,0.02408804393152452,,,,,,
233,MessageExchangeFederate,zmqss,,0.0058882990000000005,,,0.024272793048176578,16.0,256.0,,,0.00036801868750000003,0.024272793048176578,,,,,,
234,MessageExchangeFederate,tcp,,0.4440331320000001,,,1.0,64.0,256.0,,,0.006938017687500002,1.0,,,,,,
235,MessageExchangeFederate,tcpss,,0.5262465310000001,,,1.1851514967581291,64.0,256.0,,,0.008222602046875001,1.1851514967581291,,,,,,
236,MessageExchangeFederate,udp,,0.026456688000000003,,,0.05958268897826299,64.0,256.0,,,0.00041338575000000004,0.05958268897826299,,,,,,
237,MessageExchangeFederate,zmq,,0.013053519,,,0.029397623869202617,64.0,256.0,,,0.000203961234375,0.029397623869202617,,,,,,
238,MessageExchangeFederate,zmqss,,0.013441914,,,0.030272322111314875,64.0,256.0,,,0.00021002990625,0.030272322111314875,,,,,,
239,MessageExchangeFederate,tcp,,0.08278666300000001,,,1.0,1.0,1024.0,,,0.08278666300000001,1.0,,,,,,
240,MessageExchangeFederate,tcpss,,0.204396772,,,2.468957735378221,1.0,1024.0,,,0.204396772,2.468957735378221,,,,,,
241,MessageExchangeFederate,udp,,0.0026862170000000003,,,0.03244746077034172,1.0,1024.0,,,0.0026862170000000003,0.03244746077034172,,,,,,
242,MessageExchangeFederate,zmq,,0.00296134,,,0.03577073761265144,1.0,1024.0,,,0.00296134,0.03577073761265144,,,,,,
243,MessageExchangeFederate,zmqss,,0.0027247070000000003,,,0.0329123907313428,1.0,1024.0,,,0.0027247070000000003,0.0329123907313428,,,,,,
244,MessageExchangeFederate,tcp,,0.04192118,,,1.0,4.0,1024.0,,,0.010480295,1.0,,,,,,
245,MessageExchangeFederate,tcpss,,0.244442971,,,5.831013606964308,4.0,1024.0,,,0.06111074275,5.831013606964308,,,,,,
246,MessageExchangeFederate,udp,,0.003616286,,,0.08626393627278621,4.0,1024.0,,,0.0009040715,0.08626393627278621,,,,,,
247,MessageExchangeFederate,zmq,,0.004317449,,,0.10298968206524721,4.0,1024.0,,,0.00107936225,0.10298968206524721,,,,,,
248,MessageExchangeFederate,zmqss,,0.003647623,,,0.08701145816983205,4.0,1024.0,,,0.00091190575,0.08701145816983205,,,,,,
249,MessageExchangeFederate,tcp,,0.32252490100000003,,,1.0,16.0,1024.0,,,0.020157806312500002,1.0,,,,,,
250,MessageExchangeFederate,tcpss,,0.32438875699999997,,,1.0057789522428222,16.0,1024.0,,,0.020274297312499998,1.0057789522428222,,,,,,
251,MessageExchangeFederate,udp,,0.008718194,,,0.02703107255585205,16.0,1024.0,,,0.000544887125,0.02703107255585205,,,,,,
252,MessageExchangeFederate,zmq,,0.0067797460000000006,,,0.021020845147085247,16.0,1024.0,,,0.00042373412500000003,0.021020845147085247,,,,,,
253,MessageExchangeFederate,zmqss,,0.005682380000000001,,,0.0176184225849898,16.0,1024.0,,,0.00035514875000000005,0.0176184225849898,,,,,,
254,MessageExchangeFederate,tcp,,0.13068232000000002,,,1.0,64.0,1024.0,,,0.0020419112500000003,1.0,,,,,,
255,MessageExchangeFederate,tcpss,,0.410023836,,,3.137561653328468,64.0,1024.0,,,0.0064066224375,3.137561653328468,,,,,,
256,MessageExchangeFederate,zmq,,0.015168969,,,0.11607514314101554,64.0,1024.0,,,0.000237015140625,0.11607514314101554,,,,,,
257,MessageExchangeFederate,zmqss,,0.017588948,,,0.13459317220569697,64.0,1024.0,,,0.0002748273125,0.13459317220569697,,,,,,
258,MessageExchangeFederate,tcp,,0.201536524,,,1.0,1.0,2048.0,,,0.201536524,1.0,,,,,,
259,MessageExchangeFederate,tcpss,,0.245603973,,,1.2186573834130434,1.0,2048.0,,,0.245603973,1.2186573834130434,,,,,,
260,MessageExchangeFederate,udp,,0.00251345,,,0.012471436691048617,1.0,2048.0,,,0.00251345,0.012471436691048617,,,,,,
261,MessageExchangeFederate,zmq,,0.003351549,,,0.01662998315878466,1.0,2048.0,,,0.003351549,0.01662998315878466,,,,,,
262,MessageExchangeFederate,zmqss,,0.002504786,,,0.012428446964779447,1.0,2048.0,,,0.002504786,0.012428446964779447,,,,,,
263,MessageExchangeFederate,tcp,,0.28230813400000004,,,1.0,4.0,2048.0,,,0.07057703350000001,1.0,,,,,,
264,MessageExchangeFederate,tcpss,,0.24947700900000006,,,0.883704643805977,4.0,2048.0,,,0.062369252250000014,0.883704643805977,,,,,,
265,MessageExchangeFederate,udp,,0.003331867,,,0.0118022352129606,4.0,2048.0,,,0.00083296675,0.0118022352129606,,,,,,
266,MessageExchangeFederate,zmq,,0.00637755,,,0.022590741221788526,4.0,2048.0,,,0.0015943875,0.022590741221788526,,,,,,
267,MessageExchangeFederate,zmqss,,0.0042328800000000005,,,0.014993829402024952,4.0,2048.0,,,0.0010582200000000001,0.014993829402024952,,,,,,
268,MessageExchangeFederate,tcp,,0.3624213140000001,,,1.0,16.0,2048.0,,,0.022651332125000007,1.0,,,,,,
269,MessageExchangeFederate,tcpss,,0.246856118,,,0.6811302439017147,16.0,2048.0,,,0.015428507375,0.6811302439017147,,,,,,
270,MessageExchangeFederate,udp,,0.008725488,,,0.024075537676572733,16.0,2048.0,,,0.000545343,0.024075537676572733,,,,,,
271,MessageExchangeFederate,zmq,,0.006318133,,,0.017433116530227024,16.0,2048.0,,,0.0003948833125,0.017433116530227024,,,,,,
272,MessageExchangeFederate,zmqss,,0.006846631999999999,,,0.018891361339747247,16.0,2048.0,,,0.00042791449999999995,0.018891361339747247,,,,,,
273,MessageExchangeFederate,tcp,,0.097796714,,,1.0,64.0,2048.0,,,0.00152807365625,1.0,,,,,,
274,MessageExchangeFederate,tcpss,,0.33507874400000004,,,3.426278146727916,64.0,2048.0,,,0.005235605375000001,3.426278146727916,,,,,,
275,MessageExchangeFederate,udp,,0.028230698999999998,,,0.2886671529679412,64.0,2048.0,,,0.00044110467187499997,0.2886671529679412,,,,,,
276,MessageExchangeFederate,zmq,,0.016840758,,,0.17220167540598552,64.0,2048.0,,,0.00026313684375,0.17220167540598552,,,,,,
277,MessageExchangeFederate,zmqss,,0.017141576999999998,,,0.17527763765150634,64.0,2048.0,,,0.00026783714062499997,0.17527763765150634,,,,,,
278,PholdFederate,tcp,1.0,0.17088492300000002,0.17088492300000002,1.0,1.0,,,,,,,,,,,,
279,PholdFederate,tcpss,1.0,0.218244735,0.218244735,1.2771444734185238,1.2771444734185238,,,,,,,,,,,,
280,PholdFederate,udp,1.0,0.21659099,0.21659099,1.2674669373845227,1.2674669373845227,,,,,,,,,,,,
281,PholdFederate,zmq,1.0,0.21519589100000003,0.21519589100000003,1.2593029696364728,1.2593029696364728,,,,,,,,,,,,
282,PholdFederate,zmqss,1.0,0.23386023,0.23386023,1.3685246532837771,1.3685246532837771,,,,,,,,,,,,
283,PholdFederate,tcp,2.0,1.747731305,0.8738656525,1.0,1.0,,,,,,,,,,,,
284,PholdFederate,tcpss,2.0,350.50814700300003,175.25407350150002,200.55036263311655,200.55036263311655,,,,,,,,,,,,
285,PholdFederate,udp,2.0,1.651771969,0.8258859845,0.9450949149188581,0.9450949149188581,,,,,,,,,,,,
286,PholdFederate,zmq,2.0,2.233377104,1.116688552,1.277872117762404,1.277872117762404,,,,,,,,,,,,
287,PholdFederate,zmqss,2.0,2.21007131,1.105035655,1.2645372338856171,1.2645372338856171,,,,,,,,,,,,
288,PholdFederate,tcp,2.0,1.7477737750000002,0.8738868875000001,1.0,1.0,,,,,,,,,,,,
289,PholdFederate,tcpss,2.0,350.50849971300005,175.25424985650002,200.54569116818337,200.54569116818337,,,,,,,,,,,,
290,PholdFederate,udp,2.0,1.651740305,0.8258701525,0.9450538328394358,0.9450538328394358,,,,,,,,,,,,
291,PholdFederate,zmq,2.0,2.2332063410000003,1.1166031705000001,1.2777433629818595,1.2777433629818595,,,,,,,,,,,,
292,PholdFederate,zmqss,2.0,2.209937032,1.104968516,1.2644296782631377,1.2644296782631377,,,,,,,,,,,,
293,PholdFederate,tcp,4.0,2.907931463,0.72698286575,1.0,1.0,,,,,,,,,,,,
294,PholdFederate,tcpss,4.0,375.61512370599996,93.90378092649999,129.16918038999873,129.16918038999873,,,,,,,,,,,,
295,PholdFederate,udp,4.0,3.5786047580000004,0.8946511895000001,1.230635867293823,1.230635867293823,,,,,,,,,,,,
296,PholdFederate,zmq,4.0,4.1854274469999995,1.0463568617499999,1.43931433744386,1.43931433744386,,,,,,,,,,,,
297,PholdFederate,zmqss,4.0,4.942844539,1.23571113475,1.6997802740167263,1.6997802740167263,,,,,,,,,,,,
298,PholdFederate,tcp,4.0,2.9078303240000003,0.7269575810000001,1.0,1.0,,,,,,,,,,,,
299,PholdFederate,tcpss,4.0,375.615645532,93.903911383,129.17385255660466,129.17385255660466,,,,,,,,,,,,
300,PholdFederate,udp,4.0,3.578628386,0.8946570965,1.2306867964280848,1.2306867964280848,,,,,,,,,,,,
301,PholdFederate,zmq,4.0,4.185294851,1.04632371275,1.4393187994692636,1.4393187994692636,,,,,,,,,,,,
302,PholdFederate,zmqss,4.0,4.9427107580000005,1.2356776895000001,1.6997933879445986,1.6997933879445986,,,,,,,,,,,,
303,PholdFederate,tcp,4.0,2.9083003560000003,0.7270750890000001,1.0,1.0,,,,,,,,,,,,
304,PholdFederate,tcpss,4.0,375.61539119400004,93.90384779850001,129.15288835937548,129.15288835937548,,,,,,,,,,,,
305,PholdFederate,udp,4.0,3.578677031,0.89466925775,1.2305046222674256,1.2305046222674256,,,,,,,,,,,,
306,PholdFederate,zmq,4.0,4.1854324850000015,1.0463581212500004,1.4391335050264669,1.4391335050264669,,,,,,,,,,,,
307,PholdFederate,zmqss,4.0,4.942842831,1.23571070775,1.6995640841574755,1.6995640841574755,,,,,,,,,,,,
308,PholdFederate,tcp,4.0,2.908072863,0.72701821575,1.0,1.0,,,,,,,,,,,,
309,PholdFederate,tcpss,4.0,375.615244645,93.90381116125,129.16294134993274,129.16294134993274,,,,,,,,,,,,
310,PholdFederate,udp,4.0,3.578713173,0.89467829325,1.2306133104616093,1.2306133104616093,,,,,,,,,,,,
311,PholdFederate,zmq,4.0,4.185626409,1.04640660225,1.4393127704104571,1.4393127704104571,,,,,,,,,,,,
312,PholdFederate,zmqss,4.0,4.94296043,1.2357401075,1.6997374766259425,1.6997374766259425,,,,,,,,,,,,
313,PholdFederate,tcp,8.0,5.272202008000001,0.6590252510000001,1.0,1.0,,,,,,,,,,,,
314,PholdFederate,tcpss,8.0,409.76483962300006,51.22060495287501,77.72176388560717,77.72176388560717,,,,,,,,,,,,
315,PholdFederate,udp,8.0,7.867496038,0.98343700475,1.492259975255485,1.492259975255485,,,,,,,,,,,,
316,PholdFederate,zmq,8.0,7.833673673000001,0.9792092091250001,1.4858447497105083,1.4858447497105083,,,,,,,,,,,,
317,PholdFederate,zmqss,8.0,8.363017000000001,1.0453771250000001,1.586247451692864,1.586247451692864,,,,,,,,,,,,
318,PholdFederate,tcp,8.0,5.272356466000001,0.6590445582500001,1.0,1.0,,,,,,,,,,,,
319,PholdFederate,tcpss,8.0,409.764745956,51.2205932445,77.71946919721037,77.71946919721037,,,,,,,,,,,,
320,PholdFederate,udp,8.0,7.867391596000002,0.9834239495000002,1.4921964489189379,1.4921964489189379,,,,,,,,,,,,
321,PholdFederate,zmq,8.0,7.833659225000001,0.9792074031250001,1.485798480341219,1.485798480341219,,,,,,,,,,,,
322,PholdFederate,zmqss,8.0,8.362775508,1.0453469385,1.5861551778468082,1.5861551778468082,,,,,,,,,,,,
323,PholdFederate,tcp,8.0,5.271883145,0.658985393125,1.0,1.0,,,,,,,,,,,,
324,PholdFederate,tcpss,8.0,409.76472840099996,51.220591050124995,77.72644368827335,77.72644368827335,,,,,,,,,,,,
325,PholdFederate,udp,8.0,7.867485201000002,0.9834356501250002,1.492348177038359,1.492348177038359,,,,,,,,,,,,
326,PholdFederate,zmq,8.0,7.833562746,0.97919534325,1.4859135778511265,1.4859135778511265,,,,,,,,,,,,
327,PholdFederate,zmqss,8.0,8.362447665000001,1.0453059581250002,1.5862353991914973,1.5862353991914973,,,,,,,,,,,,
328,PholdFederate,tcp,8.0,5.272332919,0.659041614875,1.0,1.0,,,,,,,,,,,,
329,PholdFederate,tcpss,8.0,409.76477495,51.22059686875,77.7198218028538,77.7198218028538,,,,,,,,,,,,
330,PholdFederate,udp,8.0,7.867416108,0.9834270135,1.4922077624590153,1.4922077624590153,,,,,,,,,,,,
331,PholdFederate,zmq,8.0,7.833366891000002,0.9791708613750002,1.4857496693296355,1.4857496693296355,,,,,,,,,,,,
332,PholdFederate,zmqss,8.0,8.362403939,1.045300492375,1.586091786591142,1.586091786591142,,,,,,,,,,,,
333,PholdFederate,tcp,8.0,5.271966932000001,0.6589958665000001,1.0,1.0,,,,,,,,,,,,
334,PholdFederate,tcpss,8.0,409.764577943,51.220572242875,77.72517984811213,77.72517984811213,,,,,,,,,,,,
335,PholdFederate,udp,8.0,7.867642657999999,0.9834553322499999,1.4923543260950025,1.4923543260950025,,,,,,,,,,,,
336,PholdFederate,zmq,8.0,7.833477336,0.979184667,1.4858737615465754,1.4858737615465754,,,,,,,,,,,,
337,PholdFederate,zmqss,8.0,8.362901616,1.045362702,1.586296295835719,1.586296295835719,,,,,,,,,,,,
338,PholdFederate,tcp,8.0,5.272149223,0.659018652875,1.0,1.0,,,,,,,,,,,,
339,PholdFederate,tcpss,8.0,409.76481602700005,51.22060200337501,77.72253756388034,77.72253756388034,,,,,,,,,,,,
340,PholdFederate,udp,8.0,7.867517458000001,0.9834396822500001,1.4922789786900537,1.4922789786900537,,,,,,,,,,,,
341,PholdFederate,zmq,8.0,7.833769422,0.97922117775,1.4858777873404663,1.4858777873404663,,,,,,,,,,,,
342,PholdFederate,zmqss,8.0,8.362966242,1.04537078025,1.586253705702442,1.586253705702442,,,,,,,,,,,,
343,PholdFederate,tcp,8.0,5.272134063,0.659016757875,1.0,1.0,,,,,,,,,,,,
344,PholdFederate,tcpss,8.0,409.76498855,51.22062356875,77.72279377828104,77.72279377828104,,,,,,,,,,,,
345,PholdFederate,udp,8.0,7.867334222,0.98341677775,1.4922485141668143,1.4922485141668143,,,,,,,,,,,,
346,PholdFederate,zmq,8.0,7.833583764,0.9791979705,1.4858468450141153,1.4858468450141153,,,,,,,,,,,,
347,PholdFederate,zmqss,8.0,8.362791105000001,1.0453488881250002,1.586225047593218,1.586225047593218,,,,,,,,,,,,
348,PholdFederate,tcp,8.0,5.272101448,0.659012681,1.0,1.0,,,,,,,,,,,,
349,PholdFederate,tcpss,8.0,409.76473677900003,51.220592097375004,77.72322684239062,77.72322684239062,,,,,,,,,,,,
350,PholdFederate,udp,8.0,7.867509061000002,0.9834386326250002,1.4922909087769136,1.4922909087769136,,,,,,,,,,,,
351,PholdFederate,zmq,8.0,7.833396712000001,0.9791745890000001,1.48582055737407,1.48582055737407,,,,,,,,,,,,
352,PholdFederate,zmqss,8.0,8.362385622,1.04529820275,1.5861579494401261,1.5861579494401261,,,,,,,,,,,,
353,PholdFederate,tcp,1.0,0.17088492300000002,,,1.0,,,,,,,1.0608698969456173e-05,1.0,,,,
354,PholdFederate,tcpss,1.0,0.218244735,,,1.2771444734185238,,,,,,,1.3548841259001739e-05,1.2771444734185238,,,,
355,PholdFederate,udp,1.0,0.21659099,,,1.2674669373845227,,,,,,,1.3446175192450956e-05,1.2674669373845227,,,,
356,PholdFederate,zmq,1.0,0.21519589100000003,,,1.2593029696364728,,,,,,,1.3359566116215546e-05,1.2593029696364728,,,,
357,PholdFederate,zmqss,1.0,0.23386023,,,1.3685246532837771,,,,,,,1.4518266078966972e-05,1.3685246532837771,,,,
358,PholdFederate,tcp,2.0,1.747731305,,,1.0,,,,,,,0.00010985111910747958,1.0,,,,
359,PholdFederate,tcpss,2.0,350.50814700300003,,,200.55036263311655,,,,,,,0.022030681772658708,200.55036263311655,,,,
360,PholdFederate,udp,2.0,1.651771969,,,0.9450949149188581,,,,,,,0.00010381973406662476,0.9450949149188581,,,,
361,PholdFederate,zmq,2.0,2.233377104,,,1.277872117762404,,,,,,,0.00014037568221244502,1.2778721177624042,,,,
362,PholdFederate,zmqss,2.0,2.21007131,,,1.2645372338856171,,,,,,,0.0001389108302954117,1.2645372338856171,,,,
363,PholdFederate,tcp,2.0,1.7477737750000002,,,1.0,,,,,,,0.00010882098094763714,1.0,,,,
364,PholdFederate,tcpss,2.0,350.50849971300005,,,200.54569116818337,,,,,,,0.021823578837743607,200.5456911681834,,,,
365,PholdFederate,udp,2.0,1.651740305,,,0.9450538328394358,,,,,,,0.00010284168513791171,0.9450538328394359,,,,
366,PholdFederate,zmq,2.0,2.2332063410000003,,,1.2777433629818595,,,,,,,0.00013904528615901876,1.2777433629818595,,,,
367,PholdFederate,zmqss,2.0,2.209937032,,,1.2644296782631377,,,,,,,0.0001375964779278999,1.264429678263138,,,,
368,PholdFederate,tcp,4.0,2.907931463,,,1.0,,,,,,,0.00018831313709364073,1.0,,,,
369,PholdFederate,tcpss,4.0,375.61512370599996,,,129.16918038999873,,,,,,,0.024324253575055042,129.16918038999873,,,,
370,PholdFederate,udp,4.0,3.5786047580000004,,,1.230635867293823,,,,,,,0.00023174490079005313,1.230635867293823,,,,
371,PholdFederate,zmq,4.0,4.1854274469999995,,,1.43931433744386,,,,,,,0.00027104179814790825,1.4393143374438597,,,,
372,PholdFederate,zmqss,4.0,4.942844539,,,1.6997802740167263,,,,,,,0.000320090955769978,1.6997802740167265,,,,
373,PholdFederate,tcp,4.0,2.9078303240000003,,,1.0,,,,,,,0.00018806301409908163,1.0,,,,
374,PholdFederate,tcpss,4.0,375.615645532,,,129.17385255660466,,,,,,,0.024292824054585434,129.17385255660466,,,,
375,PholdFederate,udp,4.0,3.578628386,,,1.2306867964280848,,,,,,,0.00023144666834820852,1.2306867964280848,,,,
376,PholdFederate,zmq,4.0,4.185294851,,,1.4393187994692636,,,,,,,0.00027068263167766136,1.4393187994692636,,,,
377,PholdFederate,zmqss,4.0,4.9427107580000005,,,1.6997933879445986,,,,,,,0.0003196682678825508,1.6997933879445986,,,,
378,PholdFederate,tcp,4.0,2.9083003560000003,,,1.0,,,,,,,0.00018430293764258558,1.0,,,,
379,PholdFederate,tcpss,4.0,375.61539119400004,,,129.15288835937548,,,,,,,0.023803256729657798,129.15288835937548,,,,
380,PholdFederate,udp,4.0,3.578677031,,,1.2305046222674256,,,,,,,0.00022678561666666664,1.2305046222674254,,,,
381,PholdFederate,zmq,4.0,4.1854324850000015,,,1.4391335050264669,,,,,,,0.0002652365326362485,1.4391335050264666,,,,
382,PholdFederate,zmqss,4.0,4.942842831,,,1.6995640841574755,,,,,,,0.00031323465342205324,1.6995640841574753,,,,
383,PholdFederate,tcp,4.0,2.908072863,,,1.0,,,,,,,0.00016935955174421992,1.0,,,,
384,PholdFederate,tcpss,4.0,375.615244645,,,129.16294134993274,,,,,,,0.021874977848989577,129.16294134993274,,,,
385,PholdFederate,udp,4.0,3.578713173,,,1.2306133104616093,,,,,,,0.0002084161186302487,1.2306133104616093,,,,
386,PholdFederate,zmq,4.0,4.185626409,,,1.4393127704104571,,,,,,,0.00024376136561644635,1.4393127704104571,,,,
387,PholdFederate,zmqss,4.0,4.94296043,,,1.6997374766259425,,,,,,,0.0002878667771242211,1.6997374766259425,,,,
388,PholdFederate,tcp,8.0,5.272202008000001,,,1.0,,,,,,,0.00034931438468164053,1.0,,,,
389,PholdFederate,tcpss,8.0,409.76483962300006,,,77.72176388560717,,,,,,,0.02714933012807262,77.72176388560717,,,,
390,PholdFederate,udp,8.0,7.867496038,,,1.492259975255485,,,,,,,0.0005212678750414099,1.4922599752554853,,,,
391,PholdFederate,zmq,8.0,7.833673673000001,,,1.4858447497105083,,,,,,,0.0005190269444775724,1.4858447497105085,,,,
392,PholdFederate,zmqss,8.0,8.363017000000001,,,1.586247451692864,,,,,,,0.0005540990525409131,1.586247451692864,,,,
393,PholdFederate,tcp,8.0,5.272356466000001,,,1.0,,,,,,,0.00033975747299909784,1.0,,,,
394,PholdFederate,tcpss,8.0,409.764745956,,,77.71946919721037,,,,,,,0.026405770457275424,77.71946919721039,,,,
395,PholdFederate,udp,8.0,7.867391596000002,,,1.4921964489189379,,,,,,,0.0005069848947029257,1.4921964489189379,,,,
396,PholdFederate,zmq,8.0,7.833659225000001,,,1.485798480341219,,,,,,,0.0005048111370666323,1.485798480341219,,,,
397,PholdFederate,zmqss,8.0,8.362775508,,,1.5861551778468082,,,,,,,0.0005389080750096662,1.5861551778468082,,,,
398,PholdFederate,tcp,8.0,5.271883145,,,1.0,,,,,,,0.0003369476636200946,1.0,,,,
399,PholdFederate,tcpss,8.0,409.76472840099996,,,77.72644368827335,,,,,,,0.026189743602262557,77.72644368827335,,,,
400,PholdFederate,udp,8.0,7.867485201000002,,,1.492348177038359,,,,,,,0.0005028432315607824,1.4923481770383589,,,,
401,PholdFederate,zmq,8.0,7.833562746,,,1.4859135778511265,,,,,,,0.0005006751083983127,1.4859135778511265,,,,
402,PholdFederate,zmqss,8.0,8.362447665000001,,,1.5862353991914973,,,,,,,0.0005344783117090631,1.586235399191497,,,,
403,PholdFederate,tcp,8.0,5.272332919,,,1.0,,,,,,,0.0003329964579675362,1.0,,,,
404,PholdFederate,tcpss,8.0,409.76477495,,,77.7198218028538,,,,,,,0.025880425374218405,77.71982180285379,,,,
405,PholdFederate,udp,8.0,7.867416108,,,1.4922077624590153,,,,,,,0.0004968998994505147,1.4922077624590153,,,,
406,PholdFederate,zmq,8.0,7.833366891000002,,,1.4857496693296355,,,,,,,0.0004947493773132067,1.4857496693296353,,,,
407,PholdFederate,zmqss,8.0,8.362403939,,,1.586091786591142,,,,,,,0.0005281629469462515,1.586091786591142,,,,
408,PholdFederate,tcp,8.0,5.271966932000001,,,1.0,,,,,,,0.0003312369271173662,1.0,,,,
409,PholdFederate,tcpss,8.0,409.764577943,,,77.72517984811213,,,,,,,0.0257454497325333,77.72517984811213,,,,
410,PholdFederate,udp,8.0,7.867642657999999,,,1.4923543260950025,,,,,,,0.0004943228611460165,1.4923543260950025,,,,
411,PholdFederate,zmq,8.0,7.833477336,,,1.4858737615465754,,,,,,,0.0004921762588590097,1.4858737615465751,,,,
412,PholdFederate,zmqss,8.0,8.362901616,,,1.586296295835719,,,,,,,0.000525439910530284,1.586296295835719,,,,
413,PholdFederate,tcp,8.0,5.272149223,,,1.0,,,,,,,0.0003301696657690381,1.0,,,,
414,PholdFederate,tcpss,8.0,409.76481602700005,,,77.72253756388034,,,,,,,0.02566162425018788,77.72253756388034,,,,
415,PholdFederate,udp,8.0,7.867517458000001,,,1.4922789786900537,,,,,,,0.0004927052516282566,1.4922789786900539,,,,
416,PholdFederate,zmq,8.0,7.833769422,,,1.4858777873404663,,,,,,,0.0004905917724198396,1.4858777873404663,,,,
417,PholdFederate,zmqss,8.0,8.362966242,,,1.586253705702442,,,,,,,0.0005237328558366734,1.586253705702442,,,,
418,PholdFederate,tcp,8.0,5.272134063,,,1.0,,,,,,,0.0003198528218770855,1.0,,,,
419,PholdFederate,tcpss,8.0,409.76498855,,,77.72279377828104,,,,,,,0.024859854914153975,77.72279377828104,,,,
420,PholdFederate,udp,8.0,7.867334222,,,1.4922485141668143,,,,,,,0.00047729989819814356,1.4922485141668143,,,,
421,PholdFederate,zmq,8.0,7.833583764,,,1.4858468450141153,,,,,,,0.0004752523062549293,1.4858468450141153,,,,
422,PholdFederate,zmqss,8.0,8.362791105000001,,,1.586225047593218,,,,,,,0.0005073585576048051,1.586225047593218,,,,
423,PholdFederate,tcp,8.0,5.272101448,,,1.0,,,,,,,0.0003054519958285052,1.0,,,,
424,PholdFederate,tcpss,8.0,409.76473677900003,,,77.72322684239062,,,,,,,0.023740714761239862,77.72322684239062,,,,
425,PholdFederate,udp,8.0,7.867509061000002,,,1.4922909087769136,,,,,,,0.00045582323644264205,1.4922909087769136,,,,
426,PholdFederate,zmq,8.0,7.833396712000001,,,1.48582055737407,,,,,,,0.00045384685469293165,1.48582055737407,,,,
427,PholdFederate,zmqss,8.0,8.362385622,,,1.5861579494401261,,,,,,,0.00048449511135573576,1.5861579494401261,,,,
428,PholdFederate,tcp,1.0,0.17088492300000002,,,1.0,,,,,,,,,61.32347950830347,1.0,,
429,PholdFederate,tcpss,1.0,0.218244735,,,1.2771444734185238,,,,,,,,,100.02460514596247,1.631098005983478,,
430,PholdFederate,udp,1.0,0.21659099,,,1.2674669373845227,,,,,,,,,98.51447959327822,1.6064724373629016,,
431,PholdFederate,zmq,1.0,0.21519589100000003,,,1.2593029696364728,,,,,,,,,97.24947015689618,1.5858439693352393,,
432,PholdFederate,zmqss,1.0,0.23386023,,,1.3685246532837771,,,,,,,,,114.8502750688711,1.8728597266454827,,
433,PholdFederate,tcp,2.0,1.747731305,,,1.0,,,,,,,,,3207.2929502008537,1.0,,
434,PholdFederate,tcpss,2.0,350.50814700300003,,,200.55036263311655,,,,,,,,,128998759.1712505,40220.447952274546,,
435,PholdFederate,udp,2.0,1.651771969,,,0.9450949149188581,,,,,,,,,2864.7681694528437,0.8932043982054836,,
436,PholdFederate,zmq,2.0,2.233377104,,,1.277872117762404,,,,,,,,,5237.371953104999,1.6329571493545714,,
437,PholdFederate,zmqss,2.0,2.21007131,,,1.2645372338856171,,,,,,,,,5128.635955049372,1.5990544158830877,,
438,PholdFederate,tcp,2.0,1.7477737750000002,,,1.0,,,,,,,,,3207.4488270066386,1.0,,
439,PholdFederate,tcpss,2.0,350.50849971300005,,,200.54569116818337,,,,,,,,,128999018.78961107,40218.574246124386,,
440,PholdFederate,udp,2.0,1.651740305,,,0.9450538328394358,,,,,,,,,2864.6583369195673,0.8931267469645083,,
441,PholdFederate,zmq,2.0,2.2332063410000003,,,1.2777433629818595,,,,,,,,,5236.57108955674,1.6326281016441924,,
442,PholdFederate,zmqss,2.0,2.209937032,,,1.2644296782631377,,,,,,,,,5128.012769675218,1.5987824112726223,,
443,PholdFederate,tcp,4.0,2.907931463,,,1.0,,,,,,,,,4439.434331590293,1.0,,
444,PholdFederate,tcpss,4.0,375.61512370599996,,,129.16918038999873,,,,,,,,,74070528.60725367,16684.677162624037,,
445,PholdFederate,udp,4.0,3.5786047580000004,,,1.230635867293823,,,,,,,,,6723.3663073396265,1.5144646378700197,,
446,PholdFederate,zmq,4.0,4.1854274469999995,,,1.43931433744386,,,,,,,,,9196.84652990299,2.0716257619714575,,
447,PholdFederate,zmqss,4.0,4.942844539,,,1.6997802740167263,,,,,,,,,12826.648871779116,2.8892529799363778,,
448,PholdFederate,tcp,4.0,2.9078303240000003,,,1.0,,,,,,,,,4439.125526416322,1.0,,
449,PholdFederate,tcpss,4.0,375.615645532,,,129.17385255660466,,,,,,,,,74070734.41342105,16685.884184315437,,
450,PholdFederate,udp,4.0,3.578628386,,,1.2306867964280848,,,,,,,,,6723.455090669608,1.5145899909024223,,
451,PholdFederate,zmq,4.0,4.185294851,,,1.4393187994692636,,,,,,,,,9196.263819648735,2.0716386065056422,,
452,PholdFederate,zmqss,4.0,4.9427107580000005,,,1.6997933879445986,,,,,,,,,12825.954559555694,2.889297561700177,,
453,PholdFederate,tcp,4.0,2.9083003560000003,,,1.0,,,,,,,,,4440.560754372607,1.0,,
454,PholdFederate,tcpss,4.0,375.61539119400004,,,129.15288835937548,,,,,,,,,74070634.1034564,16680.468571569312,,
455,PholdFederate,udp,4.0,3.578677031,,,1.2305046222674256,,,,,,,,,6723.637878408661,1.5141416254214999,,
456,PholdFederate,zmq,4.0,4.1854324850000015,,,1.4391335050264669,,,,,,,,,9196.868670408976,2.0711052452897634,,
457,PholdFederate,zmqss,4.0,4.942842831,,,1.6995640841574755,,,,,,,,,12826.64000728325,2.888518076158038,,
458,PholdFederate,tcp,4.0,2.908072863,,,1.0,,,,,,,,,4439.866082671434,1.0,,
459,PholdFederate,tcpss,4.0,375.615244645,,,129.16294134993274,,,,,,,,,74070576.30510469,16683.065418166167,,
460,PholdFederate,udp,4.0,3.578713173,,,1.2306133104616093,,,,,,,,,6723.7736866669575,1.5144091198852812,,
461,PholdFederate,zmq,4.0,4.185626409,,,1.4393127704104571,,,,,,,,,9197.720928752075,2.0716212510666256,,
462,PholdFederate,zmqss,4.0,4.94296043,,,1.6997374766259425,,,,,,,,,12827.25035158654,2.8891074894467264,,
463,PholdFederate,tcp,8.0,5.272202008000001,,,1.0,,,,,,,,,7296.4799284543,1.0,,
464,PholdFederate,tcpss,8.0,409.76483962300006,,,77.72176388560717,,,,,,,,,44075646.24520653,6040.672581490072,,
465,PholdFederate,udp,8.0,7.867496038,,,1.492259975255485,,,,,,,,,16248.092150835742,2.226839833749501,,
466,PholdFederate,zmq,8.0,7.833673673000001,,,1.4858447497105083,,,,,,,,,16108.691343951496,2.207734620242283,,
467,PholdFederate,zmqss,8.0,8.363017000000001,,,1.586247451692864,,,,,,,,,18359.26400235087,2.516180978002105,,
468,PholdFederate,tcp,8.0,5.272356466000001,,,1.0,,,,,,,,,7296.907459950154,1.0,,
469,PholdFederate,tcpss,8.0,409.764745956,,,77.71946919721037,,,,,,,,,44075626.09495112,6040.315892296133,,
470,PholdFederate,udp,8.0,7.867391596000002,,,1.4921964489189379,,,,,,,,,16247.660762763007,2.2266502421662886,,
471,PholdFederate,zmq,8.0,7.833659225000001,,,1.485798480341219,,,,,,,,,16108.631924024747,2.2075971241842756,,
472,PholdFederate,zmqss,8.0,8.362775508,,,1.5861551778468082,,,,,,,,,18358.203726766224,2.51588824821024,,
473,PholdFederate,tcp,8.0,5.271883145,,,1.0,,,,,,,,,7295.597372315462,1.0,,
474,PholdFederate,tcpss,8.0,409.76472840099996,,,77.72644368827335,,,,,,,,,44075622.31840563,6041.400048426329,,
475,PholdFederate,udp,8.0,7.867485201000002,,,1.492348177038359,,,,,,,,,16248.047389337937,2.2271030815097137,,
476,PholdFederate,zmq,8.0,7.833562746,,,1.4859135778511265,,,,,,,,,16108.235140073755,2.2079391608423364,,
477,PholdFederate,zmqss,8.0,8.362447665000001,,,1.5862353991914973,,,,,,,,,18356.764374339295,2.516142741648209,,
478,PholdFederate,tcp,8.0,5.272332919,,,1.0,,,,,,,,,7296.842282302404,1.0,,
479,PholdFederate,tcpss,8.0,409.76477495,,,77.7198218028538,,,,,,,,,44075632.33232884,6040.370701067348,,
480,PholdFederate,udp,8.0,7.867416108,,,1.4922077624590153,,,,,,,,,16247.762006809688,2.2266840063429414,,
481,PholdFederate,zmq,8.0,7.833366891000002,,,1.4857496693296355,,,,,,,,,16107.429672866445,2.207452079913121,,
482,PholdFederate,zmqss,8.0,8.362403939,,,1.586091786591142,,,,,,,,,18356.572405238214,2.51568715549188,,
483,PholdFederate,tcp,8.0,5.271966932000001,,,1.0,,,,,,,,,7295.829274676644,1.0,,
484,PholdFederate,tcpss,8.0,409.764577943,,,77.72517984811213,,,,,,,,,44075589.9509113,6041.203582421377,,
485,PholdFederate,udp,8.0,7.867642657999999,,,1.4923543260950025,,,,,,,,,16248.69776092009,2.227121434614469,,
486,PholdFederate,zmq,8.0,7.833477336,,,1.4858737615465754,,,,,,,,,16107.883883076734,2.2078208352525692,,
487,PholdFederate,zmqss,8.0,8.362901616,,,1.586296295835719,,,,,,,,,18358.757402710045,2.5163359381821224,,
488,PholdFederate,tcp,8.0,5.272149223,,,1.0,,,,,,,,,7296.333825264621,1.0,,
489,PholdFederate,tcpss,8.0,409.76481602700005,,,77.72253756388034,,,,,,,,,44075641.169080816,6040.79284536879,,
490,PholdFederate,udp,8.0,7.867517458000001,,,1.4922789786900537,,,,,,,,,16248.180624882883,2.22689655024023,,
491,PholdFederate,zmq,8.0,7.833769422,,,1.4858777873404663,,,,,,,,,16109.08513122883,2.2078327989118005,,
492,PholdFederate,zmqss,8.0,8.362966242,,,1.586253705702442,,,,,,,,,18359.041145768297,2.516200818854729,,
493,PholdFederate,tcp,8.0,5.272134063,,,1.0,,,,,,,,,7296.291864289284,1.0,,
494,PholdFederate,tcpss,8.0,409.76498855,,,77.72279377828104,,,,,,,,,44075678.28336268,6040.832672701204,,
495,PholdFederate,udp,8.0,7.867334222,,,1.4922485141668143,,,,,,,,,16247.423787171243,2.2268056280330653,,
496,PholdFederate,zmq,8.0,7.833583764,,,1.4858468450141153,,,,,,,,,16108.321579246158,2.207740846838401,,
497,PholdFederate,zmqss,8.0,8.362791105000001,,,1.586225047593218,,,,,,,,,18358.272204790126,2.516109901612107,,
498,PholdFederate,tcp,8.0,5.272101448,,,1.0,,,,,,,,,7296.20159047597,1.0,,
499,PholdFederate,tcpss,8.0,409.76473677900003,,,77.72322684239062,,,,,,,,,44075624.12073534,6040.89999079371,,
500,PholdFederate,udp,8.0,7.867509061000002,,,1.4922909087769136,,,,,,,,,16248.145941540746,2.2269321564182265,,
501,PholdFederate,zmq,8.0,7.833396712000001,,,1.48582055737407,,,,,,,,,16107.552312487762,2.2076627287153916,,
502,PholdFederate,zmqss,8.0,8.362385622,,,1.5861579494401261,,,,,,,,,18356.491988895985,2.515897040572106,,
503,PholdFederate,tcp,1.0,0.17088492300000002,,,1.0,,,,,,,,,,,0.003807020083703965,1.0
504,PholdFederate,tcpss,1.0,0.218244735,,,1.2771444734185238,,,,,,,,,,,0.006209622867268592,1.631098005983478
505,PholdFederate,udp,1.0,0.21659099,,,1.2674669373845227,,,,,,,,,,,0.006115872832957426,1.6064724373629014
506,PholdFederate,zmq,1.0,0.21519589100000003,,,1.2593029696364728,,,,,,,,,,,0.0060373398408800705,1.585843969335239
507,PholdFederate,zmqss,1.0,0.23386023,,,1.3685246532837771,,,,,,,,,,,0.00713001459329967,1.8728597266454825
508,PholdFederate,tcp,2.0,1.747731305,,,1.0,,,,,,,,,,,0.40317950348219406,1.0
509,PholdFederate,tcpss,2.0,350.50814700300003,,,200.55036263311655,,,,,,,,,,,16216.060235229479,40220.447952274546
510,PholdFederate,udp,2.0,1.651771969,,,0.9450949149188581,,,,,,,,,,,0.36012170577659885,0.8932043982054837
511,PholdFederate,zmq,2.0,2.233377104,,,1.277872117762404,,,,,,,,,,,0.658374852684475,1.6329571493545711
512,PholdFederate,zmqss,2.0,2.21007131,,,1.2645372338856171,,,,,,,,,,,0.6447059654367533,1.5990544158830882
513,PholdFederate,tcp,2.0,1.7477737750000002,,,1.0,,,,,,,,,,,0.3994083590071152,1.0
514,PholdFederate,tcpss,2.0,350.50849971300005,,,200.54569116818337,,,,,,,,,,,16063.634741250367,40218.574246124386
515,PholdFederate,udp,2.0,1.651740305,,,0.9450538328394358,,,,,,,,,,,0.35672228839045733,0.8931267469645084
516,PholdFederate,zmq,2.0,2.2332063410000003,,,1.2777433629818595,,,,,,,,,,,0.6520853109466086,1.6326281016441926
517,PholdFederate,zmqss,2.0,2.209937032,,,1.2644296782631377,,,,,,,,,,,0.6385670592958369,1.5987824112726226
518,PholdFederate,tcp,4.0,2.907931463,,,1.0,,,,,,,,,,,1.1499635621267437,1.0
519,PholdFederate,tcpss,4.0,375.61512370599996,,,129.16918038999873,,,,,,,,,,,19186.770782865864,16684.677162624033
520,PholdFederate,udp,4.0,3.5786047580000004,,,1.230635867293823,,,,,,,,,,,1.7415791496799966,1.5144646378700195
521,PholdFederate,zmq,4.0,4.1854274469999995,,,1.43931433744386,,,,,,,,,,,2.3822941406302265,2.071625761971457
522,PholdFederate,zmqss,4.0,4.942844539,,,1.6997802740167263,,,,,,,,,,,3.322535648692946,2.8892529799363778
523,PholdFederate,tcp,4.0,2.9078303240000003,,,1.0,,,,,,,,,,,1.1483962039623132,1.0
524,PholdFederate,tcpss,4.0,375.615645532,,,129.17385255660466,,,,,,,,,,,19162.00605702265,16685.884184315437
525,PholdFederate,udp,4.0,3.578628386,,,1.2306867964280848,,,,,,,,,,,1.7393493961116562,1.514589990902422
526,PholdFederate,zmq,4.0,4.185294851,,,1.4393187994692636,,,,,,,,,,,2.379061911692856,2.0716386065056422
527,PholdFederate,zmqss,4.0,4.9427107580000005,,,1.6997933879445986,,,,,,,,,,,3.3180583519740505,2.8892975617001766
528,PholdFederate,tcp,4.0,2.9083003560000003,,,1.0,,,,,,,,,,,1.1256174282313327,1.0
529,PholdFederate,tcpss,4.0,375.61539119400004,,,129.15288835937548,,,,,,,,,,,18775.82613522342,16680.46857156931
530,PholdFederate,udp,4.0,3.578677031,,,1.2305046222674256,,,,,,,,,,,1.7043442023849582,1.5141416254214994
531,PholdFederate,zmq,4.0,4.1854324850000015,,,1.4391335050264669,,,,,,,,,,,2.3312721597994868,2.0711052452897634
532,PholdFederate,zmqss,4.0,4.942842831,,,1.6995640841574755,,,,,,,,,,,3.2513662882847276,2.888518076158038
533,PholdFederate,tcp,4.0,2.908072863,,,1.0,,,,,,,,,,,1.0342708246861416,1.0
534,PholdFederate,tcpss,4.0,375.615244645,,,129.16294134993274,,,,,,,,,,,17254.80782833957,16683.065418166167
535,PholdFederate,udp,4.0,3.578713173,,,1.2306133104616093,,,,,,,,,,,1.5663091693359636,1.5144091198852812
536,PholdFederate,zmq,4.0,4.185626409,,,1.4393127704104571,,,,,,,,,,,2.142617419778015,2.071621251066625
537,PholdFederate,zmqss,4.0,4.94296043,,,1.6997374766259425,,,,,,,,,,,2.988119585716974,2.8891074894467264
538,PholdFederate,tcp,8.0,5.272202008000001,,,1.0,,,,,,,,,,,3.8674776007178426,1.0
539,PholdFederate,tcpss,8.0,409.76483962300006,,,77.72176388560717,,,,,,,,,,,23362.16590218328,6040.672581490071
540,PholdFederate,udp,8.0,7.867496038,,,1.492259975255485,,,,,,,,,,,8.61225317741244,2.226839833749501
541,PholdFederate,zmq,8.0,7.833673673000001,,,1.4858447497105083,,,,,,,,,,,8.538364192116344,2.2077346202422836
542,PholdFederate,zmqss,8.0,8.363017000000001,,,1.586247451692864,,,,,,,,,,,9.731273571775455,2.516180978002105
543,PholdFederate,tcp,8.0,5.272356466000001,,,1.0,,,,,,,,,,,3.7617772702410894,1.0
544,PholdFederate,tcpss,8.0,409.764745956,,,77.71946919721037,,,,,,,,,,,22722.323028715622,6040.315892296134
545,PholdFederate,udp,8.0,7.867391596000002,,,1.4921964489189379,,,,,,,,,,,8.376162269757963,2.2266502421662886
546,PholdFederate,zmq,8.0,7.833659225000001,,,1.485798480341219,,,,,,,,,,,8.304488683606003,2.2075971241842756
547,PholdFederate,zmqss,8.0,8.362775508,,,1.5861551778468082,,,,,,,,,,,9.464211226583952,2.51588824821024
548,PholdFederate,tcp,8.0,5.271883145,,,1.0,,,,,,,,,,,3.7303322880304037,1.0
549,PholdFederate,tcpss,8.0,409.76472840099996,,,77.72644368827335,,,,,,,,,,,22536.42966555318,6041.400048426329
550,PholdFederate,udp,8.0,7.867485201000002,,,1.492348177038359,,,,,,,,,,,8.307834533727693,2.2271030815097137
551,PholdFederate,zmq,8.0,7.833562746,,,1.4859135778511265,,,,,,,,,,,8.236346741696922,2.2079391608423364
552,PholdFederate,zmqss,8.0,8.362447665000001,,,1.5862353991914973,,,,,,,,,,,9.386048510463654,2.5161427416482085
553,PholdFederate,tcp,8.0,5.272332919,,,1.0,,,,,,,,,,,3.6869031932305463,1.0
554,PholdFederate,tcpss,8.0,409.76477495,,,77.7198218028538,,,,,,,,,,,22270.262026061435,6040.370701067347
555,PholdFederate,udp,8.0,7.867416108,,,1.4922077624590153,,,,,,,,,,,8.209568373301174,2.2266840063429405
556,PholdFederate,zmq,8.0,7.833366891000002,,,1.4857496693296355,,,,,,,,,,,8.138662122335095,2.2074520799131205
557,PholdFederate,zmqss,8.0,8.362403939,,,1.586091786591142,,,,,,,,,,,9.275095006752082,2.51568715549188
558,PholdFederate,tcp,8.0,5.271966932000001,,,1.0,,,,,,,,,,,3.667167265482103,1.0
559,PholdFederate,tcpss,8.0,409.764577943,,,77.72517984811213,,,,,,,,,,,22154.104021568884,6041.203582421376
560,PholdFederate,udp,8.0,7.867642657999999,,,1.4923543260950025,,,,,,,,,,,8.16722682127172,2.2271214346144688
561,PholdFederate,zmq,8.0,7.833477336,,,1.4858737615465754,,,,,,,,,,,8.096448295087576,2.2078208352525692
562,PholdFederate,zmqss,8.0,8.362901616,,,1.586296295835719,,,,,,,,,,,9.227824781457675,2.5163359381821224
563,PholdFederate,tcp,8.0,5.272149223,,,1.0,,,,,,,,,,,3.6554778683690485,1.0
564,PholdFederate,tcpss,8.0,409.76481602700005,,,77.72253756388034,,,,,,,,,,,22081.984553647704,6040.79284536879
565,PholdFederate,udp,8.0,7.867517458000001,,,1.4922789786900537,,,,,,,,,,,8.140371054550544,2.22689655024023
566,PholdFederate,zmq,8.0,7.833769422,,,1.4858777873404663,,,,,,,,,,,8.070683933481378,2.2078327989118005
567,PholdFederate,zmqss,8.0,8.362966242,,,1.586253705702442,,,,,,,,,,,9.19791640569554,2.5162008188547293
568,PholdFederate,tcp,8.0,5.272134063,,,1.0,,,,,,,,,,,3.541244610466194,1.0
569,PholdFederate,tcpss,8.0,409.76498855,,,77.72279377828104,,,,,,,,,,,21392.06614493123,6040.832672701203
570,PholdFederate,udp,8.0,7.867334222,,,1.4922485141668143,,,,,,,,,,,7.88566342882788,2.2268056280330653
571,PholdFederate,zmq,8.0,7.833583764,,,1.4858468450141153,,,,,,,,,,,7.818150375172557,2.2077408468384006
572,PholdFederate,zmqss,8.0,8.362791105000001,,,1.586225047593218,,,,,,,,,,,8.9101606284245,2.516109901612107
573,PholdFederate,tcp,8.0,5.272101448,,,1.0,,,,,,,,,,,3.3817852099540997,1.0
574,PholdFederate,tcpss,8.0,409.76473677900003,,,77.72322684239062,,,,,,,,,,,20429.026243678025,6040.89999079371
575,PholdFederate,udp,8.0,7.867509061000002,,,1.4922909087769136,,,,,,,,,,,7.531006230146348,2.2269321564182265
576,PholdFederate,zmq,8.0,7.833396712000001,,,1.48582055737407,,,,,,,,,,,7.465841164536622,2.2076627287153916
577,PholdFederate,zmqss,8.0,8.362385622,,,1.5861579494401261,,,,,,,,,,,8.508223401574037,2.515897040572106
578,RingTransmitFederate,tcp,1.0,0.06927561800000001,0.06927561800000001,1.0,1.0,,,,,,,,,,,,
579,RingTransmitFederate,tcpss,1.0,0.06536597799999999,0.06536597799999999,0.9435639823523477,0.9435639823523477,,,,,,,,,,,,
580,RingTransmitFederate,udp,1.0,0.07344057000000001,0.07344057000000001,1.060121470154189,1.060121470154189,,,,,,,,,,,,
581,RingTransmitFederate,zmq,1.0,0.073756047,0.073756047,1.0646754100410911,1.0646754100410911,,,,,,,,,,,,
582,RingTransmitFederate,zmqss,1.0,0.067078333,0.067078333,0.9682819863115475,0.9682819863115475,,,,,,,,,,,,
583,RingTransmitFederate,tcp,2.0,1.119240919,0.5596204595,1.0,1.0,,,,,,,,,,,,
584,RingTransmitFederate,tcpss,2.0,252.91132082400003,126.45566041200001,225.96682852693314,225.96682852693314,,,,,,,,,,,,
585,RingTransmitFederate,udp,2.0,1.0174367579999999,0.5087183789999999,0.9090417806642039,0.9090417806642039,,,,,,,,,,,,
586,RingTransmitFederate,zmq,2.0,5.287907753000001,2.6439538765000004,4.72454827484734,4.72454827484734,,,,,,,,,,,,
587,RingTransmitFederate,zmqss,2.0,5.236250538999999,2.6181252694999997,4.678394481572738,4.678394481572738,,,,,,,,,,,,
588,RingTransmitFederate,tcp,4.0,4.518457002,1.1296142505,1.0,1.0,,,,,,,,,,,,
589,RingTransmitFederate,tcpss,4.0,713.3710792319999,178.34276980799999,157.879355478262,157.879355478262,,,,,,,,,,,,
590,RingTransmitFederate,udp,4.0,3.0414880560000004,0.7603720140000001,0.6731253732532476,0.6731253732532476,,,,,,,,,,,,
591,RingTransmitFederate,zmq,4.0,16.56046402,4.140116005,3.6650706231507484,3.6650706231507484,,,,,,,,,,,,
592,RingTransmitFederate,zmqss,4.0,13.275883949,3.31897098725,2.938145464950471,2.938145464950471,,,,,,,,,,,,
593,RingTransmitFederate,tcp,8.0,14.102690655999998,1.7628363319999998,1.0,1.0,,,,,,,,,,,,
594,RingTransmitFederate,tcpss,8.0,1483.8783097520002,185.48478871900002,105.21951774647225,105.21951774647225,,,,,,,,,,,,
595,RingTransmitFederate,udp,8.0,9.882921478,1.23536518475,0.7007826888548608,0.7007826888548608,,,,,,,,,,,,
596,RingTransmitFederate,zmq,8.0,25.481789958,3.18522374475,1.8068743461488859,1.8068743461488859,,,,,,,,,,,,
597,RingTransmitFederate,zmqss,8.0,26.462367514,3.30779593925,1.8764055852520292,1.8764055852520292,,,,,,,,,,,,
598,RingTransmitFederate,tcp,1.0,0.06927561800000001,0.06927561800000001,1.0,1.0,,,,,,,,,,,,
599,RingTransmitFederate,tcpss,1.0,0.06536597799999999,0.06536597799999999,0.9435639823523477,0.9435639823523477,,,,,,,,,,,,
600,RingTransmitFederate,udp,1.0,0.07344057000000001,0.07344057000000001,1.060121470154189,1.060121470154189,,,,,,,,,,,,
601,RingTransmitFederate,zmq,1.0,0.073756047,0.073756047,1.0646754100410911,1.0646754100410911,,,,,,,,,,,,
602,RingTransmitFederate,zmqss,1.0,0.067078333,0.067078333,0.9682819863115475,0.9682819863115475,,,,,,,,,,,,
603,RingTransmitFederate,tcp,2.0,1.119240919,0.5596204595,1.0,1.0,,,,,,,,,,,,
604,RingTransmitFederate,tcpss,2.0,252.91132082400003,126.45566041200001,225.96682852693314,225.96682852693314,,,,,,,,,,,,
605,RingTransmitFederate,udp,2.0,1.0174367579999999,0.5087183789999999,0.9090417806642039,0.9090417806642039,,,,,,,,,,,,
606,RingTransmitFederate,zmq,2.0,5.287907753000001,2.6439538765000004,4.72454827484734,4.72454827484734,,,,,,,,,,,,
607,RingTransmitFederate,zmqss,2.0,5.236250538999999,2.6181252694999997,4.678394481572738,4.678394481572738,,,,,,,,,,,,
608,RingTransmitFederate,tcp,4.0,4.518457002,1.1296142505,1.0,1.0,,,,,,,,,,,,
609,RingTransmitFederate,tcpss,4.0,713.3710792319999,178.34276980799999,157.879355478262,157.879355478262,,,,,,,,,,,,
610,RingTransmitFederate,udp,4.0,3.0414880560000004,0.7603720140000001,0.6731253732532476,0.6731253732532476,,,,,,,,,,,,
611,RingTransmitFederate,zmq,4.0,16.56046402,4.140116005,3.6650706231507484,3.6650706231507484,,,,,,,,,,,,
612,RingTransmitFederate,zmqss,4.0,13.275883949,3.31897098725,2.938145464950471,2.938145464950471,,,,,,,,,,,,
613,RingTransmitFederate,tcp,8.0,14.102690655999998,1.7628363319999998,1.0,1.0,,,,,,,,,,,,
614,RingTransmitFederate,tcpss,8.0,1483.8783097520002,185.48478871900002,105.21951774647225,105.21951774647225,,,,,,,,,,,,
615,RingTransmitFederate,udp,8.0,9.882921478,1.23536518475,0.7007826888548608,0.7007826888548608,,,,,,,,,,,,
616,RingTransmitFederate,zmq,8.0,25.481789958,3.18522374475,1.8068743461488859,1.8068743461488859,,,,,,,,,,,,
617,RingTransmitFederate,zmqss,8.0,26.462367514,3.30779593925,1.8764055852520292,1.8764055852520292,,,,,,,,,,,,
